<jmbench.impl.LibraryDescription>
  <location>
    <plotName>Vectorz</plotName>
    <libraryDirName>vectorz</libraryDirName>
    <saveDirName>vectorz</saveDirName>
    <extraLibs>true</extraLibs>
    <nativeCode>false</nativeCode>
    <plotLineType>11</plotLineType>
  </location>
  <configure>jmbench.impl.configure.DoNothingSpecialConfigure</configure>
  <factoryRuntime>jmbench.impl.runtime.VectorzAlgorithmFactory</factoryRuntime>
  <factoryMemory>jmbench.impl.memory.VectorzMemoryFactory</factoryMemory>
  <version>jmbench.impl.AllLibraryVersion$Vectorz</version>
</jmbench.impl.LibraryDescription>